[{"model": "contenttypes.contenttype", "pk": 1, "fields": {"app_label": "cms", "model": "placeholder"}}, {"model": "contenttypes.contenttype", "pk": 2, "fields": {"app_label": "cms", "model": "page"}}, {"model": "contenttypes.contenttype", "pk": 3, "fields": {"app_label": "auth", "model": "permission"}}, {"model": "contenttypes.contenttype", "pk": 4, "fields": {"app_label": "auth", "model": "group"}}, {"model": "contenttypes.contenttype", "pk": 5, "fields": {"app_label": "auth", "model": "user"}}, {"model": "contenttypes.contenttype", "pk": 6, "fields": {"app_label": "contenttypes", "model": "contenttype"}}, {"model": "contenttypes.contenttype", "pk": 7, "fields": {"app_label": "sessions", "model": "session"}}, {"model": "contenttypes.contenttype", "pk": 8, "fields": {"app_label": "admin", "model": "logentry"}}, {"model": "contenttypes.contenttype", "pk": 9, "fields": {"app_label": "sites", "model": "site"}}, {"model": "contenttypes.contenttype", "pk": 10, "fields": {"app_label": "cms", "model": "cmsplugin"}}, {"model": "contenttypes.contenttype", "pk": 11, "fields": {"app_label": "cms", "model": "aliaspluginmodel"}}, {"model": "contenttypes.contenttype", "pk": 12, "fields": {"app_label": "cms", "model": "globalpagepermission"}}, {"model": "contenttypes.contenttype", "pk": 13, "fields": {"app_label": "cms", "model": "pagepermission"}}, {"model": "contenttypes.contenttype", "pk": 14, "fields": {"app_label": "cms", "model": "pageuser"}}, {"model": "contenttypes.contenttype", "pk": 15, "fields": {"app_label": "cms", "model": "pageusergroup"}}, {"model": "contenttypes.contenttype", "pk": 16, "fields": {"app_label": "cms", "model": "placeholderreference"}}, {"model": "contenttypes.contenttype", "pk": 17, "fields": {"app_label": "cms", "model": "staticplaceholder"}}, {"model": "contenttypes.contenttype", "pk": 18, "fields": {"app_label": "cms", "model": "title"}}, {"model": "contenttypes.contenttype", "pk": 19, "fields": {"app_label": "cms", "model": "usersettings"}}, {"model": "contenttypes.contenttype", "pk": 20, "fields": {"app_label": "cms", "model": "urlconfrevision"}}, {"model": "contenttypes.contenttype", "pk": 21, "fields": {"app_label": "cms", "model": "pagetype"}}, {"model": "contenttypes.contenttype", "pk": 22, "fields": {"app_label": "cms", "model": "treenode"}}, {"model": "contenttypes.contenttype", "pk": 23, "fields": {"app_label": "menus", "model": "cachekey"}}, {"model": "contenttypes.contenttype", "pk": 24, "fields": {"app_label": "djangocms_text_ckeditor", "model": "text"}}, {"model": "contenttypes.contenttype", "pk": 25, "fields": {"app_label": "filer", "model": "clipboard"}}, {"model": "contenttypes.contenttype", "pk": 26, "fields": {"app_label": "filer", "model": "clipboarditem"}}, {"model": "contenttypes.contenttype", "pk": 27, "fields": {"app_label": "filer", "model": "file"}}, {"model": "contenttypes.contenttype", "pk": 28, "fields": {"app_label": "filer", "model": "folder"}}, {"model": "contenttypes.contenttype", "pk": 29, "fields": {"app_label": "filer", "model": "folderpermission"}}, {"model": "contenttypes.contenttype", "pk": 30, "fields": {"app_label": "filer", "model": "image"}}, {"model": "contenttypes.contenttype", "pk": 31, "fields": {"app_label": "filer", "model": "thumbnailoption"}}, {"model": "contenttypes.contenttype", "pk": 32, "fields": {"app_label": "easy_thumbnails", "model": "source"}}, {"model": "contenttypes.contenttype", "pk": 33, "fields": {"app_label": "easy_thumbnails", "model": "thumbnail"}}, {"model": "contenttypes.contenttype", "pk": 34, "fields": {"app_label": "easy_thumbnails", "model": "thumbnaildimensions"}}, {"model": "contenttypes.contenttype", "pk": 35, "fields": {"app_label": "bootstrap4_alerts", "model": "bootstrap4alerts"}}, {"model": "contenttypes.contenttype", "pk": 36, "fields": {"app_label": "bootstrap4_badge", "model": "bootstrap4badge"}}, {"model": "contenttypes.contenttype", "pk": 37, "fields": {"app_label": "bootstrap4_card", "model": "bootstrap4card"}}, {"model": "contenttypes.contenttype", "pk": 38, "fields": {"app_label": "bootstrap4_card", "model": "bootstrap4cardinner"}}, {"model": "contenttypes.contenttype", "pk": 39, "fields": {"app_label": "bootstrap4_carousel", "model": "bootstrap4carousel"}}, {"model": "contenttypes.contenttype", "pk": 40, "fields": {"app_label": "bootstrap4_carousel", "model": "bootstrap4carouselslide"}}, {"model": "contenttypes.contenttype", "pk": 41, "fields": {"app_label": "bootstrap4_collapse", "model": "bootstrap4collapse"}}, {"model": "contenttypes.contenttype", "pk": 42, "fields": {"app_label": "bootstrap4_collapse", "model": "bootstrap4collapsecontainer"}}, {"model": "contenttypes.contenttype", "pk": 43, "fields": {"app_label": "bootstrap4_collapse", "model": "bootstrap4collapsetrigger"}}, {"model": "contenttypes.contenttype", "pk": 44, "fields": {"app_label": "bootstrap4_content", "model": "bootstrap4blockquote"}}, {"model": "contenttypes.contenttype", "pk": 45, "fields": {"app_label": "bootstrap4_content", "model": "bootstrap4code"}}, {"model": "contenttypes.contenttype", "pk": 46, "fields": {"app_label": "bootstrap4_content", "model": "bootstrap4figure"}}, {"model": "contenttypes.contenttype", "pk": 47, "fields": {"app_label": "bootstrap4_grid", "model": "bootstrap4gridcolumn"}}, {"model": "contenttypes.contenttype", "pk": 48, "fields": {"app_label": "bootstrap4_grid", "model": "bootstrap4gridcontainer"}}, {"model": "contenttypes.contenttype", "pk": 49, "fields": {"app_label": "bootstrap4_grid", "model": "bootstrap4gridrow"}}, {"model": "contenttypes.contenttype", "pk": 50, "fields": {"app_label": "bootstrap4_jumbotron", "model": "bootstrap4jumbotron"}}, {"model": "contenttypes.contenttype", "pk": 51, "fields": {"app_label": "bootstrap4_link", "model": "bootstrap4link"}}, {"model": "contenttypes.contenttype", "pk": 52, "fields": {"app_label": "bootstrap4_listgroup", "model": "bootstrap4listgroup"}}, {"model": "contenttypes.contenttype", "pk": 53, "fields": {"app_label": "bootstrap4_listgroup", "model": "bootstrap4listgroupitem"}}, {"model": "contenttypes.contenttype", "pk": 54, "fields": {"app_label": "bootstrap4_media", "model": "bootstrap4media"}}, {"model": "contenttypes.contenttype", "pk": 55, "fields": {"app_label": "bootstrap4_media", "model": "bootstrap4mediabody"}}, {"model": "contenttypes.contenttype", "pk": 56, "fields": {"app_label": "bootstrap4_picture", "model": "bootstrap4picture"}}, {"model": "contenttypes.contenttype", "pk": 57, "fields": {"app_label": "bootstrap4_tabs", "model": "bootstrap4tab"}}, {"model": "contenttypes.contenttype", "pk": 58, "fields": {"app_label": "bootstrap4_tabs", "model": "bootstrap4tabitem"}}, {"model": "contenttypes.contenttype", "pk": 59, "fields": {"app_label": "bootstrap4_utilities", "model": "bootstrap4spacing"}}, {"model": "contenttypes.contenttype", "pk": 60, "fields": {"app_label": "djangocms_file", "model": "file"}}, {"model": "contenttypes.contenttype", "pk": 61, "fields": {"app_label": "djangocms_file", "model": "folder"}}, {"model": "contenttypes.contenttype", "pk": 62, "fields": {"app_label": "djangocms_icon", "model": "icon"}}, {"model": "contenttypes.contenttype", "pk": 63, "fields": {"app_label": "djangocms_link", "model": "link"}}, {"model": "contenttypes.contenttype", "pk": 64, "fields": {"app_label": "djangocms_picture", "model": "picture"}}, {"model": "contenttypes.contenttype", "pk": 65, "fields": {"app_label": "djangocms_style", "model": "style"}}, {"model": "contenttypes.contenttype", "pk": 66, "fields": {"app_label": "djangocms_snippet", "model": "snippet"}}, {"model": "contenttypes.contenttype", "pk": 67, "fields": {"app_label": "djangocms_snippet", "model": "snippetptr"}}, {"model": "contenttypes.contenttype", "pk": 68, "fields": {"app_label": "djangocms_googlemap", "model": "googlemap"}}, {"model": "contenttypes.contenttype", "pk": 69, "fields": {"app_label": "djangocms_googlemap", "model": "googlemapmarker"}}, {"model": "contenttypes.contenttype", "pk": 70, "fields": {"app_label": "djangocms_googlemap", "model": "googlemaproute"}}, {"model": "contenttypes.contenttype", "pk": 71, "fields": {"app_label": "djangocms_video", "model": "videoplayer"}}, {"model": "contenttypes.contenttype", "pk": 72, "fields": {"app_label": "djangocms_video", "model": "videosource"}}, {"model": "contenttypes.contenttype", "pk": 73, "fields": {"app_label": "djangocms_video", "model": "videotrack"}}, {"model": "sessions.session", "pk": "2afdg23qvifh1cv69o5gw4b793jqkh2x", "fields": {"session_data": "ZDQ3N2FkZjM5ZTUzMjcxMzQ1M2FhZjY5ZDBkNGE4OGQ3ZTFlMDQzODp7Il9hdXRoX3VzZXJfaWQiOiIxIiwiX2F1dGhfdXNlcl9iYWNrZW5kIjoiZGphbmdvLmNvbnRyaWIuYXV0aC5iYWNrZW5kcy5Nb2RlbEJhY2tlbmQiLCJfYXV0aF91c2VyX2hhc2giOiI0YjU4OGJmMzdiMjZkMTdhNzBkMWEwMzg3ZDYzMjUxY2RkYjRkZTU4IiwiY21zX3Rvb2xiYXJfZGlzYWJsZWQiOmZhbHNlLCJjbXNfZWRpdCI6dHJ1ZSwiY21zX3ByZXZpZXciOmZhbHNlLCJ3aXphcmRfd2l6YXJkX2NyZWF0ZV92aWV3Ijp7InN0ZXAiOiIxIiwic3RlcF9kYXRhIjp7IjAiOnsiY3NyZm1pZGRsZXdhcmV0b2tlbiI6WyJIN3IwelpDZExsSElZZVV4cHJlVFdoZGpQWkw3NUU5ZnIxandhV3Z0V1A0cHhHaHlURmd5RUNXRDQ3b29qT2JsIl0sIndpemFyZF9jcmVhdGVfdmlldy1jdXJyZW50X3N0ZXAiOlsiMCJdLCIwLXBhZ2UiOlsiMSJdLCIwLWxhbmd1YWdlIjpbInJ1Il0sIjAtZW50cnkiOlsiNzFhZWFhOGE0ZjNlZGI1ZjEwZmI3YWExZDBhZmM4YWMxNTA3NTE2YSJdfX0sInN0ZXBfZmlsZXMiOnsiMCI6e319LCJleHRyYV9kYXRhIjp7fX19", "expire_date": "2020-04-28T11:06:00.475Z"}}, {"model": "sessions.session", "pk": "7o8w02sownqjmh4u9pyl8aat4axzusou", "fields": {"session_data": "MTQ1Zjg3OTZmMzkxOGY1YTZiNmVlY2U0Y2RkOTYwMzAwMGE3NmU0MTp7ImNtc190b29sYmFyX2Rpc2FibGVkIjpmYWxzZSwiY21zX2VkaXQiOnRydWUsImNtc19wcmV2aWV3IjpmYWxzZSwiX2F1dGhfdXNlcl9pZCI6IjEiLCJfYXV0aF91c2VyX2JhY2tlbmQiOiJkamFuZ28uY29udHJpYi5hdXRoLmJhY2tlbmRzLk1vZGVsQmFja2VuZCIsIl9hdXRoX3VzZXJfaGFzaCI6IjRiNTg4YmYzN2IyNmQxN2E3MGQxYTAzODdkNjMyNTFjZGRiNGRlNTgifQ==", "expire_date": "2020-04-28T11:46:35.156Z"}}, {"model": "sessions.session", "pk": "p5lspd36ks4as60ttnygszut7rcqsgtq", "fields": {"session_data": "NTNlZjMxNGUzN2ZlNWM5ZDRiZGNlNWZjZTRiNmY4ODRkN2E0NzJhNDp7Il9hdXRoX3VzZXJfaWQiOiIxIiwiX2F1dGhfdXNlcl9iYWNrZW5kIjoiZGphbmdvLmNvbnRyaWIuYXV0aC5iYWNrZW5kcy5Nb2RlbEJhY2tlbmQiLCJfYXV0aF91c2VyX2hhc2giOiI0YjU4OGJmMzdiMjZkMTdhNzBkMWEwMzg3ZDYzMjUxY2RkYjRkZTU4IiwiY21zX3Rvb2xiYXJfZGlzYWJsZWQiOmZhbHNlLCJjbXNfZWRpdCI6dHJ1ZSwiY21zX3ByZXZpZXciOmZhbHNlLCJmaWxlcl9sYXN0X2ZvbGRlcl9pZCI6bnVsbH0=", "expire_date": "2020-04-30T13:50:59.737Z"}}, {"model": "sessions.session", "pk": "sxhwv4gt4pxbs1dqmx9c37qgwa1518vo", "fields": {"session_data": "YWNmZDJhNWE5MmUyOWE0ZWY2NDBiOWMzOWYyYWY1MWQwOTUzZWFlNDp7Il9hdXRoX3VzZXJfaWQiOiIxIiwiX2F1dGhfdXNlcl9iYWNrZW5kIjoiZGphbmdvLmNvbnRyaWIuYXV0aC5iYWNrZW5kcy5Nb2RlbEJhY2tlbmQiLCJfYXV0aF91c2VyX2hhc2giOiI0YjU4OGJmMzdiMjZkMTdhNzBkMWEwMzg3ZDYzMjUxY2RkYjRkZTU4IiwiY21zX3Rvb2xiYXJfZGlzYWJsZWQiOmZhbHNlLCJjbXNfZWRpdCI6dHJ1ZSwiY21zX3ByZXZpZXciOmZhbHNlLCJ3aXphcmRfd2l6YXJkX2NyZWF0ZV92aWV3Ijp7InN0ZXAiOm51bGwsInN0ZXBfZGF0YSI6e30sInN0ZXBfZmlsZXMiOnt9LCJleHRyYV9kYXRhIjp7fX19", "expire_date": "2020-04-28T10:56:40.339Z"}}, {"model": "sites.site", "pk": 1, "fields": {"domain": "prodlogistica.ru", "name": "\u041f\u0440\u043e\u0434\u043b\u043e\u0433\u0438\u0441\u0442\u0438\u043a\u0430"}}, {"model": "cms.treenode", "pk": 1, "fields": {"path": "0001", "depth": 1, "numchild": 0, "parent": null, "site": 1}}, {"model": "cms.treenode", "pk": 3, "fields": {"path": "0002", "depth": 1, "numchild": 0, "parent": null, "site": 1}}, {"model": "cms.treenode", "pk": 5, "fields": {"path": "0003", "depth": 1, "numchild": 0, "parent": null, "site": 1}}, {"model": "cms.treenode", "pk": 6, "fields": {"path": "0004", "depth": 1, "numchild": 0, "parent": null, "site": 1}}, {"model": "cms.page", "pk": 1, "fields": {"created_by": "huston", "changed_by": "huston", "creation_date": "2020-04-13T13:30:30.141Z", "changed_date": "2020-04-14T11:46:33.679Z", "publication_date": "2020-04-13T13:30:30.156Z", "publication_end_date": null, "in_navigation": true, "soft_root": false, "reverse_id": null, "navigation_extenders": null, "template": "home.html", "login_required": false, "limit_visibility_in_menu": null, "is_home": true, "application_urls": "", "application_namespace": null, "publisher_is_draft": true, "publisher_public": 2, "languages": "ru", "xframe_options": 0, "is_page_type": false, "node": 1, "placeholders": [2, 3, 4, 5, 6, 7, 8, 9, 42, 43, 44, 45, 46, 47]}}, {"model": "cms.page", "pk": 2, "fields": {"created_by": "huston", "changed_by": "huston", "creation_date": "2020-04-13T13:30:30.157Z", "changed_date": "2020-04-16T12:43:45.504Z", "publication_date": "2020-04-13T13:30:30.156Z", "publication_end_date": null, "in_navigation": true, "soft_root": false, "reverse_id": null, "navigation_extenders": null, "template": "home.html", "login_required": false, "limit_visibility_in_menu": null, "is_home": true, "application_urls": "", "application_namespace": null, "publisher_is_draft": false, "publisher_public": 1, "languages": "ru", "xframe_options": 0, "is_page_type": false, "node": 1, "placeholders": [10, 11, 12, 19, 20, 21, 22, 23, 48, 49, 50, 51, 52, 53]}}, {"model": "cms.page", "pk": 4, "fields": {"created_by": "huston", "changed_by": "huston", "creation_date": "2020-04-14T11:09:09.574Z", "changed_date": "2020-04-14T12:58:17.733Z", "publication_date": "2020-04-14T11:11:13.653Z", "publication_end_date": null, "in_navigation": true, "soft_root": false, "reverse_id": null, "navigation_extenders": null, "template": "about.html", "login_required": false, "limit_visibility_in_menu": null, "is_home": false, "application_urls": null, "application_namespace": null, "publisher_is_draft": true, "publisher_public": 6, "languages": "ru", "xframe_options": 0, "is_page_type": false, "node": 3, "placeholders": [13, 14, 15, 57, 58, 59]}}, {"model": "cms.page", "pk": 6, "fields": {"created_by": "huston", "changed_by": "huston", "creation_date": "2020-04-14T11:11:13.653Z", "changed_date": "2020-04-14T12:58:19.752Z", "publication_date": "2020-04-14T11:11:13.653Z", "publication_end_date": null, "in_navigation": true, "soft_root": false, "reverse_id": null, "navigation_extenders": null, "template": "about.html", "login_required": false, "limit_visibility_in_menu": null, "is_home": false, "application_urls": null, "application_namespace": null, "publisher_is_draft": false, "publisher_public": 4, "languages": "ru", "xframe_options": 0, "is_page_type": false, "node": 3, "placeholders": [24, 25, 26]}}, {"model": "cms.page", "pk": 8, "fields": {"created_by": "huston", "changed_by": "huston", "creation_date": "2020-04-15T15:17:10.402Z", "changed_date": "2020-04-15T15:23:57.324Z", "publication_date": "2020-04-15T15:24:08.083Z", "publication_end_date": null, "in_navigation": true, "soft_root": false, "reverse_id": null, "navigation_extenders": null, "template": "contacts.html", "login_required": false, "limit_visibility_in_menu": null, "is_home": false, "application_urls": null, "application_namespace": null, "publisher_is_draft": true, "publisher_public": 10, "languages": "ru", "xframe_options": 0, "is_page_type": false, "node": 5, "placeholders": [30, 31, 32]}}, {"model": "cms.page", "pk": 9, "fields": {"created_by": "huston", "changed_by": "huston", "creation_date": "2020-04-15T15:17:33.837Z", "changed_date": "2020-04-15T17:46:47.547Z", "publication_date": "2020-04-15T15:24:17.939Z", "publication_end_date": null, "in_navigation": true, "soft_root": false, "reverse_id": null, "navigation_extenders": null, "template": "catalog.html", "login_required": false, "limit_visibility_in_menu": null, "is_home": false, "application_urls": null, "application_namespace": null, "publisher_is_draft": true, "publisher_public": 11, "languages": "ru", "xframe_options": 0, "is_page_type": false, "node": 6, "placeholders": [33, 34, 35, 54, 55, 56]}}, {"model": "cms.page", "pk": 10, "fields": {"created_by": "huston", "changed_by": "huston", "creation_date": "2020-04-15T15:24:08.084Z", "changed_date": "2020-04-15T15:24:08.084Z", "publication_date": "2020-04-15T15:24:08.083Z", "publication_end_date": null, "in_navigation": true, "soft_root": false, "reverse_id": null, "navigation_extenders": null, "template": "contacts.html", "login_required": false, "limit_visibility_in_menu": null, "is_home": false, "application_urls": null, "application_namespace": null, "publisher_is_draft": false, "publisher_public": 8, "languages": "ru", "xframe_options": 0, "is_page_type": false, "node": 5, "placeholders": [36, 37, 38]}}, {"model": "cms.page", "pk": 11, "fields": {"created_by": "huston", "changed_by": "huston", "creation_date": "2020-04-15T15:24:17.939Z", "changed_date": "2020-04-15T15:24:17.939Z", "publication_date": "2020-04-15T15:24:17.939Z", "publication_end_date": null, "in_navigation": true, "soft_root": false, "reverse_id": null, "navigation_extenders": null, "template": "catalog.html", "login_required": false, "limit_visibility_in_menu": null, "is_home": false, "application_urls": null, "application_namespace": null, "publisher_is_draft": false, "publisher_public": 9, "languages": "ru", "xframe_options": 0, "is_page_type": false, "node": 6, "placeholders": [39, 40, 41]}}, {"model": "cms.placeholder", "pk": 1, "fields": {"slot": "clipboard", "default_width": null}}, {"model": "cms.placeholder", "pk": 2, "fields": {"slot": "content", "default_width": null}}, {"model": "cms.placeholder", "pk": 3, "fields": {"slot": "sidebar", "default_width": null}}, {"model": "cms.placeholder", "pk": 4, "fields": {"slot": "title", "default_width": null}}, {"model": "cms.placeholder", "pk": 5, "fields": {"slot": "subtiblt", "default_width": null}}, {"model": "cms.placeholder", "pk": 6, "fields": {"slot": "Subtitle", "default_width": null}}, {"model": "cms.placeholder", "pk": 7, "fields": {"slot": "sub_title", "default_width": null}}, {"model": "cms.placeholder", "pk": 8, "fields": {"slot": "news_pic", "default_width": null}}, {"model": "cms.placeholder", "pk": 9, "fields": {"slot": "news_1_pic", "default_width": null}}, {"model": "cms.placeholder", "pk": 10, "fields": {"slot": "title", "default_width": null}}, {"model": "cms.placeholder", "pk": 11, "fields": {"slot": "sub_title", "default_width": null}}, {"model": "cms.placeholder", "pk": 12, "fields": {"slot": "news_1_pic", "default_width": null}}, {"model": "cms.placeholder", "pk": 13, "fields": {"slot": "title", "default_width": null}}, {"model": "cms.placeholder", "pk": 14, "fields": {"slot": "sub_title", "default_width": null}}, {"model": "cms.placeholder", "pk": 15, "fields": {"slot": "news_1_pic", "default_width": null}}, {"model": "cms.placeholder", "pk": 19, "fields": {"slot": "content", "default_width": null}}, {"model": "cms.placeholder", "pk": 20, "fields": {"slot": "sidebar", "default_width": null}}, {"model": "cms.placeholder", "pk": 21, "fields": {"slot": "subtiblt", "default_width": null}}, {"model": "cms.placeholder", "pk": 22, "fields": {"slot": "Subtitle", "default_width": null}}, {"model": "cms.placeholder", "pk": 23, "fields": {"slot": "news_pic", "default_width": null}}, {"model": "cms.placeholder", "pk": 24, "fields": {"slot": "title", "default_width": null}}, {"model": "cms.placeholder", "pk": 25, "fields": {"slot": "sub_title", "default_width": null}}, {"model": "cms.placeholder", "pk": 26, "fields": {"slot": "news_1_pic", "default_width": null}}, {"model": "cms.placeholder", "pk": 30, "fields": {"slot": "title", "default_width": null}}, {"model": "cms.placeholder", "pk": 31, "fields": {"slot": "sub_title", "default_width": null}}, {"model": "cms.placeholder", "pk": 32, "fields": {"slot": "news_1_pic", "default_width": null}}, {"model": "cms.placeholder", "pk": 33, "fields": {"slot": "title", "default_width": null}}, {"model": "cms.placeholder", "pk": 34, "fields": {"slot": "sub_title", "default_width": null}}, {"model": "cms.placeholder", "pk": 35, "fields": {"slot": "news_1_pic", "default_width": null}}, {"model": "cms.placeholder", "pk": 36, "fields": {"slot": "title", "default_width": null}}, {"model": "cms.placeholder", "pk": 37, "fields": {"slot": "sub_title", "default_width": null}}, {"model": "cms.placeholder", "pk": 38, "fields": {"slot": "news_1_pic", "default_width": null}}, {"model": "cms.placeholder", "pk": 39, "fields": {"slot": "title", "default_width": null}}, {"model": "cms.placeholder", "pk": 40, "fields": {"slot": "sub_title", "default_width": null}}, {"model": "cms.placeholder", "pk": 41, "fields": {"slot": "news_1_pic", "default_width": null}}, {"model": "cms.placeholder", "pk": 42, "fields": {"slot": "adress", "default_width": null}}, {"model": "cms.placeholder", "pk": 43, "fields": {"slot": "phone", "default_width": null}}, {"model": "cms.placeholder", "pk": 44, "fields": {"slot": "mail", "default_width": null}}, {"model": "cms.placeholder", "pk": 45, "fields": {"slot": "adres", "default_width": null}}, {"model": "cms.placeholder", "pk": 46, "fields": {"slot": "email", "default_width": null}}, {"model": "cms.placeholder", "pk": 47, "fields": {"slot": "address", "default_width": null}}, {"model": "cms.placeholder", "pk": 48, "fields": {"slot": "address", "default_width": null}}, {"model": "cms.placeholder", "pk": 49, "fields": {"slot": "phone", "default_width": null}}, {"model": "cms.placeholder", "pk": 50, "fields": {"slot": "email", "default_width": null}}, {"model": "cms.placeholder", "pk": 51, "fields": {"slot": "adress", "default_width": null}}, {"model": "cms.placeholder", "pk": 52, "fields": {"slot": "mail", "default_width": null}}, {"model": "cms.placeholder", "pk": 53, "fields": {"slot": "adres", "default_width": null}}, {"model": "cms.placeholder", "pk": 54, "fields": {"slot": "address", "default_width": null}}, {"model": "cms.placeholder", "pk": 55, "fields": {"slot": "phone", "default_width": null}}, {"model": "cms.placeholder", "pk": 56, "fields": {"slot": "email", "default_width": null}}, {"model": "cms.placeholder", "pk": 57, "fields": {"slot": "address", "default_width": null}}, {"model": "cms.placeholder", "pk": 58, "fields": {"slot": "phone", "default_width": null}}, {"model": "cms.placeholder", "pk": 59, "fields": {"slot": "email", "default_width": null}}, {"model": "cms.cmsplugin", "pk": 4, "fields": {"path": "0001", "depth": 1, "numchild": 0, "placeholder": 47, "parent": null, "position": 0, "language": "ru", "plugin_type": "TextPlugin", "creation_date": "2020-04-16T12:41:47.534Z", "changed_date": "2020-04-16T12:45:22.234Z"}}, {"model": "cms.cmsplugin", "pk": 5, "fields": {"path": "0002", "depth": 1, "numchild": 0, "placeholder": 48, "parent": null, "position": 0, "language": "ru", "plugin_type": "TextPlugin", "creation_date": "2020-04-16T12:41:47.534Z", "changed_date": "2020-04-16T12:43:45.541Z"}}, {"model": "cms.cmsplugin", "pk": 6, "fields": {"path": "0003", "depth": 1, "numchild": 0, "placeholder": 43, "parent": null, "position": 0, "language": "ru", "plugin_type": "TextPlugin", "creation_date": "2020-04-16T12:50:28.171Z", "changed_date": "2020-04-16T12:50:42.990Z"}}, {"model": "cms.cmsplugin", "pk": 7, "fields": {"path": "0004", "depth": 1, "numchild": 0, "placeholder": 46, "parent": null, "position": 0, "language": "ru", "plugin_type": "TextPlugin", "creation_date": "2020-04-16T12:51:10.338Z", "changed_date": "2020-04-16T12:51:21.905Z"}}, {"model": "cms.title", "pk": 1, "fields": {"language": "ru", "title": "\u041f\u0440\u043e\u0434\u043b\u043e\u0433\u0438\u0441\u0442\u0438\u043a\u0430 \u042e\u0413 | \u041e\u0444\u0438\u0446\u0438\u0430\u043b\u044c\u043d\u044b\u0439 \u0441\u0430\u0439\u0442 \u043a\u043e\u043c\u043f\u0430\u043d\u0438\u0438", "page_title": "\u041f\u0440\u043e\u0434\u043b\u043e\u0433\u0438\u0441\u0442\u0438\u043a\u0430 \u042e\u0413 \u2014 \u041f\u043e\u0441\u0442\u0430\u0432\u0449\u0438\u043a \u043f\u0440\u043e\u0434\u0443\u043a\u0442\u043e\u0432 \u043f\u0438\u0442\u0430\u043d\u0438\u044f", "menu_title": "\u0433\u043b\u0430\u0432\u043d\u0430\u044f", "meta_description": "\u0410\u0441\u0441\u043e\u0440\u0442\u0438\u043c\u0435\u043d\u0442 \u043f\u043b\u043e\u0434\u043e\u043e\u0432\u043e\u0449\u043d\u043e\u0439, \u0431\u0430\u0440\u043d\u043e\u0439 \u0438 \u043c\u043e\u043b\u043e\u0447\u043d\u043e\u0439 \u043f\u0440\u043e\u0434\u0443\u043a\u0446\u0438\u0438, \u0431\u0430\u043a\u0430\u043b\u0435\u044f \u0430 \u0442\u0430\u043a \u0436\u0435 \u043c\u044f\u0441\u043e \u0438 \u0437\u0430\u043c\u043e\u0440\u043e\u0437\u043a\u0430. \u041f\u0440\u043e\u0434\u0443\u043a\u0446\u0438\u044f \u0434\u043b\u044f \u0440\u0435\u0441\u0442\u043e\u0440\u0430\u043d\u043e\u0432, \u0431\u0430\u0440\u043e\u0432 \u0432 \u0441\u0435\u0433\u043c\u0435\u043d\u0442\u0435 HoReCa.", "slug": "home", "path": "", "has_url_overwrite": false, "redirect": null, "page": 1, "creation_date": "2020-04-13T13:30:30.142Z", "published": true, "publisher_is_draft": true, "publisher_public": 2, "publisher_state": 1}}, {"model": "cms.title", "pk": 2, "fields": {"language": "ru", "title": "\u041f\u0440\u043e\u0434\u043b\u043e\u0433\u0438\u0441\u0442\u0438\u043a\u0430 \u042e\u0413 | \u041e\u0444\u0438\u0446\u0438\u0430\u043b\u044c\u043d\u044b\u0439 \u0441\u0430\u0439\u0442 \u043a\u043e\u043c\u043f\u0430\u043d\u0438\u0438", "page_title": "\u041f\u0440\u043e\u0434\u043b\u043e\u0433\u0438\u0441\u0442\u0438\u043a\u0430 \u042e\u0413 \u2014 \u041f\u043e\u0441\u0442\u0430\u0432\u0449\u0438\u043a \u043f\u0440\u043e\u0434\u0443\u043a\u0442\u043e\u0432 \u043f\u0438\u0442\u0430\u043d\u0438\u044f", "menu_title": "\u0433\u043b\u0430\u0432\u043d\u0430\u044f", "meta_description": "\u0410\u0441\u0441\u043e\u0440\u0442\u0438\u043c\u0435\u043d\u0442 \u043f\u043b\u043e\u0434\u043e\u043e\u0432\u043e\u0449\u043d\u043e\u0439, \u0431\u0430\u0440\u043d\u043e\u0439 \u0438 \u043c\u043e\u043b\u043e\u0447\u043d\u043e\u0439 \u043f\u0440\u043e\u0434\u0443\u043a\u0446\u0438\u0438, \u0431\u0430\u043a\u0430\u043b\u0435\u044f \u0430 \u0442\u0430\u043a \u0436\u0435 \u043c\u044f\u0441\u043e \u0438 \u0437\u0430\u043c\u043e\u0440\u043e\u0437\u043a\u0430. \u041f\u0440\u043e\u0434\u0443\u043a\u0446\u0438\u044f \u0434\u043b\u044f \u0440\u0435\u0441\u0442\u043e\u0440\u0430\u043d\u043e\u0432, \u0431\u0430\u0440\u043e\u0432 \u0432 \u0441\u0435\u0433\u043c\u0435\u043d\u0442\u0435 HoReCa.", "slug": "home", "path": "", "has_url_overwrite": false, "redirect": null, "page": 2, "creation_date": "2020-04-13T13:30:30.142Z", "published": true, "publisher_is_draft": false, "publisher_public": 1, "publisher_state": 0}}, {"model": "cms.title", "pk": 4, "fields": {"language": "ru", "title": "\u041e \u043a\u043e\u043c\u043f\u0430\u043d\u0438\u0438", "page_title": "", "menu_title": "\u043e \u043d\u0430\u0441", "meta_description": "", "slug": "o-kompanii", "path": "o-kompanii", "has_url_overwrite": false, "redirect": null, "page": 4, "creation_date": "2020-04-14T11:09:09.575Z", "published": true, "publisher_is_draft": true, "publisher_public": 6, "publisher_state": 0}}, {"model": "cms.title", "pk": 6, "fields": {"language": "ru", "title": "\u041e \u043a\u043e\u043c\u043f\u0430\u043d\u0438\u0438", "page_title": "", "menu_title": "\u043e \u043d\u0430\u0441", "meta_description": "", "slug": "o-kompanii", "path": "o-kompanii", "has_url_overwrite": false, "redirect": null, "page": 6, "creation_date": "2020-04-14T11:09:09.575Z", "published": true, "publisher_is_draft": false, "publisher_public": 4, "publisher_state": 0}}, {"model": "cms.title", "pk": 8, "fields": {"language": "ru", "title": "\u041a\u043e\u043d\u0442\u0430\u043a\u0442\u044b", "page_title": "\u041a\u043e\u043d\u0442\u0430\u043a\u0442\u044b", "menu_title": "\u043a\u043e\u043d\u0442\u0430\u043a\u0442\u044b", "meta_description": "", "slug": "kontakty", "path": "kontakty", "has_url_overwrite": false, "redirect": null, "page": 8, "creation_date": "2020-04-15T15:17:10.403Z", "published": true, "publisher_is_draft": true, "publisher_public": 10, "publisher_state": 0}}, {"model": "cms.title", "pk": 9, "fields": {"language": "ru", "title": "\u041a\u0430\u0442\u0430\u043b\u043e\u0433", "page_title": "", "menu_title": "", "meta_description": "", "slug": "katalog", "path": "katalog", "has_url_overwrite": false, "redirect": null, "page": 9, "creation_date": "2020-04-15T15:17:33.838Z", "published": true, "publisher_is_draft": true, "publisher_public": 11, "publisher_state": 1}}, {"model": "cms.title", "pk": 10, "fields": {"language": "ru", "title": "\u041a\u043e\u043d\u0442\u0430\u043a\u0442\u044b", "page_title": "\u041a\u043e\u043d\u0442\u0430\u043a\u0442\u044b", "menu_title": "\u043a\u043e\u043d\u0442\u0430\u043a\u0442\u044b", "meta_description": "", "slug": "kontakty", "path": "kontakty", "has_url_overwrite": false, "redirect": null, "page": 10, "creation_date": "2020-04-15T15:17:10.403Z", "published": true, "publisher_is_draft": false, "publisher_public": 8, "publisher_state": 0}}, {"model": "cms.title", "pk": 11, "fields": {"language": "ru", "title": "\u043a\u0430\u0442\u0430\u043b\u043e\u0433", "page_title": "", "menu_title": "", "meta_description": "", "slug": "katalog", "path": "katalog", "has_url_overwrite": false, "redirect": null, "page": 11, "creation_date": "2020-04-15T15:17:33.838Z", "published": true, "publisher_is_draft": false, "publisher_public": 9, "publisher_state": 0}}, {"model": "cms.urlconfrevision", "pk": 1, "fields": {"revision": "17aab718-e130-42b5-8a67-cec8e1381712"}}, {"model": "menus.cachekey", "pk": 45, "fields": {"language": "ru", "site": 1, "key": "cms_3.7.1_menu_nodes_ru_1_1_user:public"}}, {"model": "menus.cachekey", "pk": 46, "fields": {"language": "ru", "site": 1, "key": "cms_3.7.1_menu_nodes_ru_1:public"}}, {"model": "menus.cachekey", "pk": 47, "fields": {"language": "ru", "site": 1, "key": "cms_3.7.1_menu_nodes_ru_1_1_user:draft"}}, {"model": "djangocms_text_ckeditor.text", "pk": 4, "fields": {"body": "<p>\u0421\u0442\u0443\u043f\u0438\u043d\u0441\u043a\u0438\u0439 \u043f\u0440\u043e\u0435\u0437\u0434, 1\u0410, \u0441\u0442\u0440. 1, \u041c\u043e\u0441\u043a\u0432\u0430</p>"}}, {"model": "djangocms_text_ckeditor.text", "pk": 5, "fields": {"body": "<p>\u0421\u0442\u0443\u043f\u0438\u043d\u0441\u043a\u0438\u0439 \u043f\u0440\u043e\u0435\u0437\u0434, 1\u0410, \u0441\u0442\u0440. 1, \u041c\u043e\u0441\u043a\u0432\u0430</p>"}}, {"model": "djangocms_text_ckeditor.text", "pk": 6, "fields": {"body": "<p>+7 495 212-20-80</p>"}}, {"model": "djangocms_text_ckeditor.text", "pk": 7, "fields": {"body": "<p>all@prodlogistica.ru</p>"}}, {"model": "easy_thumbnails.source", "pk": 2, "fields": {"storage_hash": "f9bde26a1556cd667f742bd34ec7c55e", "name": "filer_public/2d/b8/2db802c1-bd7d-4c4b-a3a8-d9056aa7ca75/about-1.png", "modified": "2020-04-13T15:21:13.993Z"}}, {"model": "easy_thumbnails.thumbnail", "pk": 6, "fields": {"storage_hash": "f9bde26a1556cd667f742bd34ec7c55e", "name": "filer_public_thumbnails\\filer_public/2d/b8/2db802c1-bd7d-4c4b-a3a8-d9056aa7ca75\\about-1.png__16x16_q85_crop_subsampling-2_upscale.png", "modified": "2020-04-13T15:19:44.190Z", "source": 2}}, {"model": "easy_thumbnails.thumbnail", "pk": 7, "fields": {"storage_hash": "f9bde26a1556cd667f742bd34ec7c55e", "name": "filer_public_thumbnails\\filer_public/2d/b8/2db802c1-bd7d-4c4b-a3a8-d9056aa7ca75\\about-1.png__32x32_q85_crop_subsampling-2_upscale.png", "modified": "2020-04-13T15:19:44.365Z", "source": 2}}, {"model": "easy_thumbnails.thumbnail", "pk": 8, "fields": {"storage_hash": "f9bde26a1556cd667f742bd34ec7c55e", "name": "filer_public_thumbnails\\filer_public/2d/b8/2db802c1-bd7d-4c4b-a3a8-d9056aa7ca75\\about-1.png__48x48_q85_crop_subsampling-2_upscale.png", "modified": "2020-04-13T15:19:44.542Z", "source": 2}}, {"model": "easy_thumbnails.thumbnail", "pk": 9, "fields": {"storage_hash": "f9bde26a1556cd667f742bd34ec7c55e", "name": "filer_public_thumbnails\\filer_public/2d/b8/2db802c1-bd7d-4c4b-a3a8-d9056aa7ca75\\about-1.png__64x64_q85_crop_subsampling-2_upscale.png", "modified": "2020-04-13T15:19:44.726Z", "source": 2}}, {"model": "easy_thumbnails.thumbnail", "pk": 10, "fields": {"storage_hash": "f9bde26a1556cd667f742bd34ec7c55e", "name": "filer_public_thumbnails\\filer_public/2d/b8/2db802c1-bd7d-4c4b-a3a8-d9056aa7ca75\\about-1.png__180x180_q85_crop_subsampling-2_upscale.png", "modified": "2020-04-13T15:19:44.934Z", "source": 2}}, {"model": "easy_thumbnails.thumbnail", "pk": 11, "fields": {"storage_hash": "f9bde26a1556cd667f742bd34ec7c55e", "name": "filer_public_thumbnails\\filer_public/2d/b8/2db802c1-bd7d-4c4b-a3a8-d9056aa7ca75\\about-1.png__100x100_q85_subsampling-2.png", "modified": "2020-04-13T15:21:14.090Z", "source": 2}}, {"model": "auth.permission", "pk": 1, "fields": {"name": "Can use Structure mode", "content_type": 1, "codename": "use_structure"}}, {"model": "auth.permission", "pk": 2, "fields": {"name": "Can change page", "content_type": 2, "codename": "change_page"}}, {"model": "auth.permission", "pk": 3, "fields": {"name": "Can add permission", "content_type": 3, "codename": "add_permission"}}, {"model": "auth.permission", "pk": 4, "fields": {"name": "Can change permission", "content_type": 3, "codename": "change_permission"}}, {"model": "auth.permission", "pk": 5, "fields": {"name": "Can delete permission", "content_type": 3, "codename": "delete_permission"}}, {"model": "auth.permission", "pk": 6, "fields": {"name": "Can view permission", "content_type": 3, "codename": "view_permission"}}, {"model": "auth.permission", "pk": 7, "fields": {"name": "Can add group", "content_type": 4, "codename": "add_group"}}, {"model": "auth.permission", "pk": 8, "fields": {"name": "Can change group", "content_type": 4, "codename": "change_group"}}, {"model": "auth.permission", "pk": 9, "fields": {"name": "Can delete group", "content_type": 4, "codename": "delete_group"}}, {"model": "auth.permission", "pk": 10, "fields": {"name": "Can view group", "content_type": 4, "codename": "view_group"}}, {"model": "auth.permission", "pk": 11, "fields": {"name": "Can add user", "content_type": 5, "codename": "add_user"}}, {"model": "auth.permission", "pk": 12, "fields": {"name": "Can change user", "content_type": 5, "codename": "change_user"}}, {"model": "auth.permission", "pk": 13, "fields": {"name": "Can delete user", "content_type": 5, "codename": "delete_user"}}, {"model": "auth.permission", "pk": 14, "fields": {"name": "Can view user", "content_type": 5, "codename": "view_user"}}, {"model": "auth.permission", "pk": 15, "fields": {"name": "Can add content type", "content_type": 6, "codename": "add_contenttype"}}, {"model": "auth.permission", "pk": 16, "fields": {"name": "Can change content type", "content_type": 6, "codename": "change_contenttype"}}, {"model": "auth.permission", "pk": 17, "fields": {"name": "Can delete content type", "content_type": 6, "codename": "delete_contenttype"}}, {"model": "auth.permission", "pk": 18, "fields": {"name": "Can view content type", "content_type": 6, "codename": "view_contenttype"}}, {"model": "auth.permission", "pk": 19, "fields": {"name": "Can add session", "content_type": 7, "codename": "add_session"}}, {"model": "auth.permission", "pk": 20, "fields": {"name": "Can change session", "content_type": 7, "codename": "change_session"}}, {"model": "auth.permission", "pk": 21, "fields": {"name": "Can delete session", "content_type": 7, "codename": "delete_session"}}, {"model": "auth.permission", "pk": 22, "fields": {"name": "Can view session", "content_type": 7, "codename": "view_session"}}, {"model": "auth.permission", "pk": 23, "fields": {"name": "Can add log entry", "content_type": 8, "codename": "add_logentry"}}, {"model": "auth.permission", "pk": 24, "fields": {"name": "Can change log entry", "content_type": 8, "codename": "change_logentry"}}, {"model": "auth.permission", "pk": 25, "fields": {"name": "Can delete log entry", "content_type": 8, "codename": "delete_logentry"}}, {"model": "auth.permission", "pk": 26, "fields": {"name": "Can view log entry", "content_type": 8, "codename": "view_logentry"}}, {"model": "auth.permission", "pk": 27, "fields": {"name": "Can add site", "content_type": 9, "codename": "add_site"}}, {"model": "auth.permission", "pk": 28, "fields": {"name": "Can change site", "content_type": 9, "codename": "change_site"}}, {"model": "auth.permission", "pk": 29, "fields": {"name": "Can delete site", "content_type": 9, "codename": "delete_site"}}, {"model": "auth.permission", "pk": 30, "fields": {"name": "Can view site", "content_type": 9, "codename": "view_site"}}, {"model": "auth.permission", "pk": 31, "fields": {"name": "Can add cms plugin", "content_type": 10, "codename": "add_cmsplugin"}}, {"model": "auth.permission", "pk": 32, "fields": {"name": "Can change cms plugin", "content_type": 10, "codename": "change_cmsplugin"}}, {"model": "auth.permission", "pk": 33, "fields": {"name": "Can delete cms plugin", "content_type": 10, "codename": "delete_cmsplugin"}}, {"model": "auth.permission", "pk": 34, "fields": {"name": "Can view cms plugin", "content_type": 10, "codename": "view_cmsplugin"}}, {"model": "auth.permission", "pk": 35, "fields": {"name": "Can add alias plugin model", "content_type": 11, "codename": "add_aliaspluginmodel"}}, {"model": "auth.permission", "pk": 36, "fields": {"name": "Can change alias plugin model", "content_type": 11, "codename": "change_aliaspluginmodel"}}, {"model": "auth.permission", "pk": 37, "fields": {"name": "Can delete alias plugin model", "content_type": 11, "codename": "delete_aliaspluginmodel"}}, {"model": "auth.permission", "pk": 38, "fields": {"name": "Can view alias plugin model", "content_type": 11, "codename": "view_aliaspluginmodel"}}, {"model": "auth.permission", "pk": 39, "fields": {"name": "Can add Page global permission", "content_type": 12, "codename": "add_globalpagepermission"}}, {"model": "auth.permission", "pk": 40, "fields": {"name": "Can change Page global permission", "content_type": 12, "codename": "change_globalpagepermission"}}, {"model": "auth.permission", "pk": 41, "fields": {"name": "Can delete Page global permission", "content_type": 12, "codename": "delete_globalpagepermission"}}, {"model": "auth.permission", "pk": 42, "fields": {"name": "Can view Page global permission", "content_type": 12, "codename": "view_globalpagepermission"}}, {"model": "auth.permission", "pk": 43, "fields": {"name": "Can add page", "content_type": 2, "codename": "add_page"}}, {"model": "auth.permission", "pk": 44, "fields": {"name": "Can delete page", "content_type": 2, "codename": "delete_page"}}, {"model": "auth.permission", "pk": 45, "fields": {"name": "Can view page", "content_type": 2, "codename": "view_page"}}, {"model": "auth.permission", "pk": 46, "fields": {"name": "Can publish page", "content_type": 2, "codename": "publish_page"}}, {"model": "auth.permission", "pk": 47, "fields": {"name": "Can edit static placeholders", "content_type": 2, "codename": "edit_static_placeholder"}}, {"model": "auth.permission", "pk": 48, "fields": {"name": "Can add Page permission", "content_type": 13, "codename": "add_pagepermission"}}, {"model": "auth.permission", "pk": 49, "fields": {"name": "Can change Page permission", "content_type": 13, "codename": "change_pagepermission"}}, {"model": "auth.permission", "pk": 50, "fields": {"name": "Can delete Page permission", "content_type": 13, "codename": "delete_pagepermission"}}, {"model": "auth.permission", "pk": 51, "fields": {"name": "Can view Page permission", "content_type": 13, "codename": "view_pagepermission"}}, {"model": "auth.permission", "pk": 52, "fields": {"name": "Can add User (page)", "content_type": 14, "codename": "add_pageuser"}}, {"model": "auth.permission", "pk": 53, "fields": {"name": "Can change User (page)", "content_type": 14, "codename": "change_pageuser"}}, {"model": "auth.permission", "pk": 54, "fields": {"name": "Can delete User (page)", "content_type": 14, "codename": "delete_pageuser"}}, {"model": "auth.permission", "pk": 55, "fields": {"name": "Can view User (page)", "content_type": 14, "codename": "view_pageuser"}}, {"model": "auth.permission", "pk": 56, "fields": {"name": "Can add User group (page)", "content_type": 15, "codename": "add_pageusergroup"}}, {"model": "auth.permission", "pk": 57, "fields": {"name": "Can change User group (page)", "content_type": 15, "codename": "change_pageusergroup"}}, {"model": "auth.permission", "pk": 58, "fields": {"name": "Can delete User group (page)", "content_type": 15, "codename": "delete_pageusergroup"}}, {"model": "auth.permission", "pk": 59, "fields": {"name": "Can view User group (page)", "content_type": 15, "codename": "view_pageusergroup"}}, {"model": "auth.permission", "pk": 60, "fields": {"name": "Can add placeholder", "content_type": 1, "codename": "add_placeholder"}}, {"model": "auth.permission", "pk": 61, "fields": {"name": "Can change placeholder", "content_type": 1, "codename": "change_placeholder"}}, {"model": "auth.permission", "pk": 62, "fields": {"name": "Can delete placeholder", "content_type": 1, "codename": "delete_placeholder"}}, {"model": "auth.permission", "pk": 63, "fields": {"name": "Can view placeholder", "content_type": 1, "codename": "view_placeholder"}}, {"model": "auth.permission", "pk": 64, "fields": {"name": "Can add placeholder reference", "content_type": 16, "codename": "add_placeholderreference"}}, {"model": "auth.permission", "pk": 65, "fields": {"name": "Can change placeholder reference", "content_type": 16, "codename": "change_placeholderreference"}}, {"model": "auth.permission", "pk": 66, "fields": {"name": "Can delete placeholder reference", "content_type": 16, "codename": "delete_placeholderreference"}}, {"model": "auth.permission", "pk": 67, "fields": {"name": "Can view placeholder reference", "content_type": 16, "codename": "view_placeholderreference"}}, {"model": "auth.permission", "pk": 68, "fields": {"name": "Can add static placeholder", "content_type": 17, "codename": "add_staticplaceholder"}}, {"model": "auth.permission", "pk": 69, "fields": {"name": "Can change static placeholder", "content_type": 17, "codename": "change_staticplaceholder"}}, {"model": "auth.permission", "pk": 70, "fields": {"name": "Can delete static placeholder", "content_type": 17, "codename": "delete_staticplaceholder"}}, {"model": "auth.permission", "pk": 71, "fields": {"name": "Can view static placeholder", "content_type": 17, "codename": "view_staticplaceholder"}}, {"model": "auth.permission", "pk": 72, "fields": {"name": "Can add title", "content_type": 18, "codename": "add_title"}}, {"model": "auth.permission", "pk": 73, "fields": {"name": "Can change title", "content_type": 18, "codename": "change_title"}}, {"model": "auth.permission", "pk": 74, "fields": {"name": "Can delete title", "content_type": 18, "codename": "delete_title"}}, {"model": "auth.permission", "pk": 75, "fields": {"name": "Can view title", "content_type": 18, "codename": "view_title"}}, {"model": "auth.permission", "pk": 76, "fields": {"name": "Can add user setting", "content_type": 19, "codename": "add_usersettings"}}, {"model": "auth.permission", "pk": 77, "fields": {"name": "Can change user setting", "content_type": 19, "codename": "change_usersettings"}}, {"model": "auth.permission", "pk": 78, "fields": {"name": "Can delete user setting", "content_type": 19, "codename": "delete_usersettings"}}, {"model": "auth.permission", "pk": 79, "fields": {"name": "Can view user setting", "content_type": 19, "codename": "view_usersettings"}}, {"model": "auth.permission", "pk": 80, "fields": {"name": "Can add urlconf revision", "content_type": 20, "codename": "add_urlconfrevision"}}, {"model": "auth.permission", "pk": 81, "fields": {"name": "Can change urlconf revision", "content_type": 20, "codename": "change_urlconfrevision"}}, {"model": "auth.permission", "pk": 82, "fields": {"name": "Can delete urlconf revision", "content_type": 20, "codename": "delete_urlconfrevision"}}, {"model": "auth.permission", "pk": 83, "fields": {"name": "Can view urlconf revision", "content_type": 20, "codename": "view_urlconfrevision"}}, {"model": "auth.permission", "pk": 84, "fields": {"name": "Can add cache key", "content_type": 23, "codename": "add_cachekey"}}, {"model": "auth.permission", "pk": 85, "fields": {"name": "Can change cache key", "content_type": 23, "codename": "change_cachekey"}}, {"model": "auth.permission", "pk": 86, "fields": {"name": "Can delete cache key", "content_type": 23, "codename": "delete_cachekey"}}, {"model": "auth.permission", "pk": 87, "fields": {"name": "Can view cache key", "content_type": 23, "codename": "view_cachekey"}}, {"model": "auth.permission", "pk": 88, "fields": {"name": "Can add text", "content_type": 24, "codename": "add_text"}}, {"model": "auth.permission", "pk": 89, "fields": {"name": "Can change text", "content_type": 24, "codename": "change_text"}}, {"model": "auth.permission", "pk": 90, "fields": {"name": "Can delete text", "content_type": 24, "codename": "delete_text"}}, {"model": "auth.permission", "pk": 91, "fields": {"name": "Can view text", "content_type": 24, "codename": "view_text"}}, {"model": "auth.permission", "pk": 92, "fields": {"name": "Can add clipboard", "content_type": 25, "codename": "add_clipboard"}}, {"model": "auth.permission", "pk": 93, "fields": {"name": "Can change clipboard", "content_type": 25, "codename": "change_clipboard"}}, {"model": "auth.permission", "pk": 94, "fields": {"name": "Can delete clipboard", "content_type": 25, "codename": "delete_clipboard"}}, {"model": "auth.permission", "pk": 95, "fields": {"name": "Can view clipboard", "content_type": 25, "codename": "view_clipboard"}}, {"model": "auth.permission", "pk": 96, "fields": {"name": "Can add clipboard item", "content_type": 26, "codename": "add_clipboarditem"}}, {"model": "auth.permission", "pk": 97, "fields": {"name": "Can change clipboard item", "content_type": 26, "codename": "change_clipboarditem"}}, {"model": "auth.permission", "pk": 98, "fields": {"name": "Can delete clipboard item", "content_type": 26, "codename": "delete_clipboarditem"}}, {"model": "auth.permission", "pk": 99, "fields": {"name": "Can view clipboard item", "content_type": 26, "codename": "view_clipboarditem"}}, {"model": "auth.permission", "pk": 100, "fields": {"name": "Can add file", "content_type": 27, "codename": "add_file"}}, {"model": "auth.permission", "pk": 101, "fields": {"name": "Can change file", "content_type": 27, "codename": "change_file"}}, {"model": "auth.permission", "pk": 102, "fields": {"name": "Can delete file", "content_type": 27, "codename": "delete_file"}}, {"model": "auth.permission", "pk": 103, "fields": {"name": "Can view file", "content_type": 27, "codename": "view_file"}}, {"model": "auth.permission", "pk": 104, "fields": {"name": "Can add Folder", "content_type": 28, "codename": "add_folder"}}, {"model": "auth.permission", "pk": 105, "fields": {"name": "Can change Folder", "content_type": 28, "codename": "change_folder"}}, {"model": "auth.permission", "pk": 106, "fields": {"name": "Can delete Folder", "content_type": 28, "codename": "delete_folder"}}, {"model": "auth.permission", "pk": 107, "fields": {"name": "Can view Folder", "content_type": 28, "codename": "view_folder"}}, {"model": "auth.permission", "pk": 108, "fields": {"name": "Can use directory listing", "content_type": 28, "codename": "can_use_directory_listing"}}, {"model": "auth.permission", "pk": 109, "fields": {"name": "Can add folder permission", "content_type": 29, "codename": "add_folderpermission"}}, {"model": "auth.permission", "pk": 110, "fields": {"name": "Can change folder permission", "content_type": 29, "codename": "change_folderpermission"}}, {"model": "auth.permission", "pk": 111, "fields": {"name": "Can delete folder permission", "content_type": 29, "codename": "delete_folderpermission"}}, {"model": "auth.permission", "pk": 112, "fields": {"name": "Can view folder permission", "content_type": 29, "codename": "view_folderpermission"}}, {"model": "auth.permission", "pk": 113, "fields": {"name": "Can add image", "content_type": 30, "codename": "add_image"}}, {"model": "auth.permission", "pk": 114, "fields": {"name": "Can change image", "content_type": 30, "codename": "change_image"}}, {"model": "auth.permission", "pk": 115, "fields": {"name": "Can delete image", "content_type": 30, "codename": "delete_image"}}, {"model": "auth.permission", "pk": 116, "fields": {"name": "Can view image", "content_type": 30, "codename": "view_image"}}, {"model": "auth.permission", "pk": 117, "fields": {"name": "Can add thumbnail option", "content_type": 31, "codename": "add_thumbnailoption"}}, {"model": "auth.permission", "pk": 118, "fields": {"name": "Can change thumbnail option", "content_type": 31, "codename": "change_thumbnailoption"}}, {"model": "auth.permission", "pk": 119, "fields": {"name": "Can delete thumbnail option", "content_type": 31, "codename": "delete_thumbnailoption"}}, {"model": "auth.permission", "pk": 120, "fields": {"name": "Can view thumbnail option", "content_type": 31, "codename": "view_thumbnailoption"}}, {"model": "auth.permission", "pk": 121, "fields": {"name": "Can add source", "content_type": 32, "codename": "add_source"}}, {"model": "auth.permission", "pk": 122, "fields": {"name": "Can change source", "content_type": 32, "codename": "change_source"}}, {"model": "auth.permission", "pk": 123, "fields": {"name": "Can delete source", "content_type": 32, "codename": "delete_source"}}, {"model": "auth.permission", "pk": 124, "fields": {"name": "Can view source", "content_type": 32, "codename": "view_source"}}, {"model": "auth.permission", "pk": 125, "fields": {"name": "Can add thumbnail", "content_type": 33, "codename": "add_thumbnail"}}, {"model": "auth.permission", "pk": 126, "fields": {"name": "Can change thumbnail", "content_type": 33, "codename": "change_thumbnail"}}, {"model": "auth.permission", "pk": 127, "fields": {"name": "Can delete thumbnail", "content_type": 33, "codename": "delete_thumbnail"}}, {"model": "auth.permission", "pk": 128, "fields": {"name": "Can view thumbnail", "content_type": 33, "codename": "view_thumbnail"}}, {"model": "auth.permission", "pk": 129, "fields": {"name": "Can add thumbnail dimensions", "content_type": 34, "codename": "add_thumbnaildimensions"}}, {"model": "auth.permission", "pk": 130, "fields": {"name": "Can change thumbnail dimensions", "content_type": 34, "codename": "change_thumbnaildimensions"}}, {"model": "auth.permission", "pk": 131, "fields": {"name": "Can delete thumbnail dimensions", "content_type": 34, "codename": "delete_thumbnaildimensions"}}, {"model": "auth.permission", "pk": 132, "fields": {"name": "Can view thumbnail dimensions", "content_type": 34, "codename": "view_thumbnaildimensions"}}, {"model": "auth.permission", "pk": 133, "fields": {"name": "Can add bootstrap4 alerts", "content_type": 35, "codename": "add_bootstrap4alerts"}}, {"model": "auth.permission", "pk": 134, "fields": {"name": "Can change bootstrap4 alerts", "content_type": 35, "codename": "change_bootstrap4alerts"}}, {"model": "auth.permission", "pk": 135, "fields": {"name": "Can delete bootstrap4 alerts", "content_type": 35, "codename": "delete_bootstrap4alerts"}}, {"model": "auth.permission", "pk": 136, "fields": {"name": "Can view bootstrap4 alerts", "content_type": 35, "codename": "view_bootstrap4alerts"}}, {"model": "auth.permission", "pk": 137, "fields": {"name": "Can add bootstrap4 badge", "content_type": 36, "codename": "add_bootstrap4badge"}}, {"model": "auth.permission", "pk": 138, "fields": {"name": "Can change bootstrap4 badge", "content_type": 36, "codename": "change_bootstrap4badge"}}, {"model": "auth.permission", "pk": 139, "fields": {"name": "Can delete bootstrap4 badge", "content_type": 36, "codename": "delete_bootstrap4badge"}}, {"model": "auth.permission", "pk": 140, "fields": {"name": "Can view bootstrap4 badge", "content_type": 36, "codename": "view_bootstrap4badge"}}, {"model": "auth.permission", "pk": 141, "fields": {"name": "Can add bootstrap4 card", "content_type": 37, "codename": "add_bootstrap4card"}}, {"model": "auth.permission", "pk": 142, "fields": {"name": "Can change bootstrap4 card", "content_type": 37, "codename": "change_bootstrap4card"}}, {"model": "auth.permission", "pk": 143, "fields": {"name": "Can delete bootstrap4 card", "content_type": 37, "codename": "delete_bootstrap4card"}}, {"model": "auth.permission", "pk": 144, "fields": {"name": "Can view bootstrap4 card", "content_type": 37, "codename": "view_bootstrap4card"}}, {"model": "auth.permission", "pk": 145, "fields": {"name": "Can add bootstrap4 card inner", "content_type": 38, "codename": "add_bootstrap4cardinner"}}, {"model": "auth.permission", "pk": 146, "fields": {"name": "Can change bootstrap4 card inner", "content_type": 38, "codename": "change_bootstrap4cardinner"}}, {"model": "auth.permission", "pk": 147, "fields": {"name": "Can delete bootstrap4 card inner", "content_type": 38, "codename": "delete_bootstrap4cardinner"}}, {"model": "auth.permission", "pk": 148, "fields": {"name": "Can view bootstrap4 card inner", "content_type": 38, "codename": "view_bootstrap4cardinner"}}, {"model": "auth.permission", "pk": 149, "fields": {"name": "Can add bootstrap4 carousel", "content_type": 39, "codename": "add_bootstrap4carousel"}}, {"model": "auth.permission", "pk": 150, "fields": {"name": "Can change bootstrap4 carousel", "content_type": 39, "codename": "change_bootstrap4carousel"}}, {"model": "auth.permission", "pk": 151, "fields": {"name": "Can delete bootstrap4 carousel", "content_type": 39, "codename": "delete_bootstrap4carousel"}}, {"model": "auth.permission", "pk": 152, "fields": {"name": "Can view bootstrap4 carousel", "content_type": 39, "codename": "view_bootstrap4carousel"}}, {"model": "auth.permission", "pk": 153, "fields": {"name": "Can add bootstrap4 carousel slide", "content_type": 40, "codename": "add_bootstrap4carouselslide"}}, {"model": "auth.permission", "pk": 154, "fields": {"name": "Can change bootstrap4 carousel slide", "content_type": 40, "codename": "change_bootstrap4carouselslide"}}, {"model": "auth.permission", "pk": 155, "fields": {"name": "Can delete bootstrap4 carousel slide", "content_type": 40, "codename": "delete_bootstrap4carouselslide"}}, {"model": "auth.permission", "pk": 156, "fields": {"name": "Can view bootstrap4 carousel slide", "content_type": 40, "codename": "view_bootstrap4carouselslide"}}, {"model": "auth.permission", "pk": 157, "fields": {"name": "Can add bootstrap4 collapse", "content_type": 41, "codename": "add_bootstrap4collapse"}}, {"model": "auth.permission", "pk": 158, "fields": {"name": "Can change bootstrap4 collapse", "content_type": 41, "codename": "change_bootstrap4collapse"}}, {"model": "auth.permission", "pk": 159, "fields": {"name": "Can delete bootstrap4 collapse", "content_type": 41, "codename": "delete_bootstrap4collapse"}}, {"model": "auth.permission", "pk": 160, "fields": {"name": "Can view bootstrap4 collapse", "content_type": 41, "codename": "view_bootstrap4collapse"}}, {"model": "auth.permission", "pk": 161, "fields": {"name": "Can add bootstrap4 collapse container", "content_type": 42, "codename": "add_bootstrap4collapsecontainer"}}, {"model": "auth.permission", "pk": 162, "fields": {"name": "Can change bootstrap4 collapse container", "content_type": 42, "codename": "change_bootstrap4collapsecontainer"}}, {"model": "auth.permission", "pk": 163, "fields": {"name": "Can delete bootstrap4 collapse container", "content_type": 42, "codename": "delete_bootstrap4collapsecontainer"}}, {"model": "auth.permission", "pk": 164, "fields": {"name": "Can view bootstrap4 collapse container", "content_type": 42, "codename": "view_bootstrap4collapsecontainer"}}, {"model": "auth.permission", "pk": 165, "fields": {"name": "Can add bootstrap4 collapse trigger", "content_type": 43, "codename": "add_bootstrap4collapsetrigger"}}, {"model": "auth.permission", "pk": 166, "fields": {"name": "Can change bootstrap4 collapse trigger", "content_type": 43, "codename": "change_bootstrap4collapsetrigger"}}, {"model": "auth.permission", "pk": 167, "fields": {"name": "Can delete bootstrap4 collapse trigger", "content_type": 43, "codename": "delete_bootstrap4collapsetrigger"}}, {"model": "auth.permission", "pk": 168, "fields": {"name": "Can view bootstrap4 collapse trigger", "content_type": 43, "codename": "view_bootstrap4collapsetrigger"}}, {"model": "auth.permission", "pk": 169, "fields": {"name": "Can add bootstrap4 blockquote", "content_type": 44, "codename": "add_bootstrap4blockquote"}}, {"model": "auth.permission", "pk": 170, "fields": {"name": "Can change bootstrap4 blockquote", "content_type": 44, "codename": "change_bootstrap4blockquote"}}, {"model": "auth.permission", "pk": 171, "fields": {"name": "Can delete bootstrap4 blockquote", "content_type": 44, "codename": "delete_bootstrap4blockquote"}}, {"model": "auth.permission", "pk": 172, "fields": {"name": "Can view bootstrap4 blockquote", "content_type": 44, "codename": "view_bootstrap4blockquote"}}, {"model": "auth.permission", "pk": 173, "fields": {"name": "Can add bootstrap4 code", "content_type": 45, "codename": "add_bootstrap4code"}}, {"model": "auth.permission", "pk": 174, "fields": {"name": "Can change bootstrap4 code", "content_type": 45, "codename": "change_bootstrap4code"}}, {"model": "auth.permission", "pk": 175, "fields": {"name": "Can delete bootstrap4 code", "content_type": 45, "codename": "delete_bootstrap4code"}}, {"model": "auth.permission", "pk": 176, "fields": {"name": "Can view bootstrap4 code", "content_type": 45, "codename": "view_bootstrap4code"}}, {"model": "auth.permission", "pk": 177, "fields": {"name": "Can add bootstrap4 figure", "content_type": 46, "codename": "add_bootstrap4figure"}}, {"model": "auth.permission", "pk": 178, "fields": {"name": "Can change bootstrap4 figure", "content_type": 46, "codename": "change_bootstrap4figure"}}, {"model": "auth.permission", "pk": 179, "fields": {"name": "Can delete bootstrap4 figure", "content_type": 46, "codename": "delete_bootstrap4figure"}}, {"model": "auth.permission", "pk": 180, "fields": {"name": "Can view bootstrap4 figure", "content_type": 46, "codename": "view_bootstrap4figure"}}, {"model": "auth.permission", "pk": 181, "fields": {"name": "Can add bootstrap4 grid column", "content_type": 47, "codename": "add_bootstrap4gridcolumn"}}, {"model": "auth.permission", "pk": 182, "fields": {"name": "Can change bootstrap4 grid column", "content_type": 47, "codename": "change_bootstrap4gridcolumn"}}, {"model": "auth.permission", "pk": 183, "fields": {"name": "Can delete bootstrap4 grid column", "content_type": 47, "codename": "delete_bootstrap4gridcolumn"}}, {"model": "auth.permission", "pk": 184, "fields": {"name": "Can view bootstrap4 grid column", "content_type": 47, "codename": "view_bootstrap4gridcolumn"}}, {"model": "auth.permission", "pk": 185, "fields": {"name": "Can add bootstrap4 grid container", "content_type": 48, "codename": "add_bootstrap4gridcontainer"}}, {"model": "auth.permission", "pk": 186, "fields": {"name": "Can change bootstrap4 grid container", "content_type": 48, "codename": "change_bootstrap4gridcontainer"}}, {"model": "auth.permission", "pk": 187, "fields": {"name": "Can delete bootstrap4 grid container", "content_type": 48, "codename": "delete_bootstrap4gridcontainer"}}, {"model": "auth.permission", "pk": 188, "fields": {"name": "Can view bootstrap4 grid container", "content_type": 48, "codename": "view_bootstrap4gridcontainer"}}, {"model": "auth.permission", "pk": 189, "fields": {"name": "Can add bootstrap4 grid row", "content_type": 49, "codename": "add_bootstrap4gridrow"}}, {"model": "auth.permission", "pk": 190, "fields": {"name": "Can change bootstrap4 grid row", "content_type": 49, "codename": "change_bootstrap4gridrow"}}, {"model": "auth.permission", "pk": 191, "fields": {"name": "Can delete bootstrap4 grid row", "content_type": 49, "codename": "delete_bootstrap4gridrow"}}, {"model": "auth.permission", "pk": 192, "fields": {"name": "Can view bootstrap4 grid row", "content_type": 49, "codename": "view_bootstrap4gridrow"}}, {"model": "auth.permission", "pk": 193, "fields": {"name": "Can add bootstrap4 jumbotron", "content_type": 50, "codename": "add_bootstrap4jumbotron"}}, {"model": "auth.permission", "pk": 194, "fields": {"name": "Can change bootstrap4 jumbotron", "content_type": 50, "codename": "change_bootstrap4jumbotron"}}, {"model": "auth.permission", "pk": 195, "fields": {"name": "Can delete bootstrap4 jumbotron", "content_type": 50, "codename": "delete_bootstrap4jumbotron"}}, {"model": "auth.permission", "pk": 196, "fields": {"name": "Can view bootstrap4 jumbotron", "content_type": 50, "codename": "view_bootstrap4jumbotron"}}, {"model": "auth.permission", "pk": 197, "fields": {"name": "Can add bootstrap4 link", "content_type": 51, "codename": "add_bootstrap4link"}}, {"model": "auth.permission", "pk": 198, "fields": {"name": "Can change bootstrap4 link", "content_type": 51, "codename": "change_bootstrap4link"}}, {"model": "auth.permission", "pk": 199, "fields": {"name": "Can delete bootstrap4 link", "content_type": 51, "codename": "delete_bootstrap4link"}}, {"model": "auth.permission", "pk": 200, "fields": {"name": "Can view bootstrap4 link", "content_type": 51, "codename": "view_bootstrap4link"}}, {"model": "auth.permission", "pk": 201, "fields": {"name": "Can add bootstrap4 list group", "content_type": 52, "codename": "add_bootstrap4listgroup"}}, {"model": "auth.permission", "pk": 202, "fields": {"name": "Can change bootstrap4 list group", "content_type": 52, "codename": "change_bootstrap4listgroup"}}, {"model": "auth.permission", "pk": 203, "fields": {"name": "Can delete bootstrap4 list group", "content_type": 52, "codename": "delete_bootstrap4listgroup"}}, {"model": "auth.permission", "pk": 204, "fields": {"name": "Can view bootstrap4 list group", "content_type": 52, "codename": "view_bootstrap4listgroup"}}, {"model": "auth.permission", "pk": 205, "fields": {"name": "Can add bootstrap4 list group item", "content_type": 53, "codename": "add_bootstrap4listgroupitem"}}, {"model": "auth.permission", "pk": 206, "fields": {"name": "Can change bootstrap4 list group item", "content_type": 53, "codename": "change_bootstrap4listgroupitem"}}, {"model": "auth.permission", "pk": 207, "fields": {"name": "Can delete bootstrap4 list group item", "content_type": 53, "codename": "delete_bootstrap4listgroupitem"}}, {"model": "auth.permission", "pk": 208, "fields": {"name": "Can view bootstrap4 list group item", "content_type": 53, "codename": "view_bootstrap4listgroupitem"}}, {"model": "auth.permission", "pk": 209, "fields": {"name": "Can add bootstrap4 media", "content_type": 54, "codename": "add_bootstrap4media"}}, {"model": "auth.permission", "pk": 210, "fields": {"name": "Can change bootstrap4 media", "content_type": 54, "codename": "change_bootstrap4media"}}, {"model": "auth.permission", "pk": 211, "fields": {"name": "Can delete bootstrap4 media", "content_type": 54, "codename": "delete_bootstrap4media"}}, {"model": "auth.permission", "pk": 212, "fields": {"name": "Can view bootstrap4 media", "content_type": 54, "codename": "view_bootstrap4media"}}, {"model": "auth.permission", "pk": 213, "fields": {"name": "Can add bootstrap4 media body", "content_type": 55, "codename": "add_bootstrap4mediabody"}}, {"model": "auth.permission", "pk": 214, "fields": {"name": "Can change bootstrap4 media body", "content_type": 55, "codename": "change_bootstrap4mediabody"}}, {"model": "auth.permission", "pk": 215, "fields": {"name": "Can delete bootstrap4 media body", "content_type": 55, "codename": "delete_bootstrap4mediabody"}}, {"model": "auth.permission", "pk": 216, "fields": {"name": "Can view bootstrap4 media body", "content_type": 55, "codename": "view_bootstrap4mediabody"}}, {"model": "auth.permission", "pk": 217, "fields": {"name": "Can add bootstrap4 picture", "content_type": 56, "codename": "add_bootstrap4picture"}}, {"model": "auth.permission", "pk": 218, "fields": {"name": "Can change bootstrap4 picture", "content_type": 56, "codename": "change_bootstrap4picture"}}, {"model": "auth.permission", "pk": 219, "fields": {"name": "Can delete bootstrap4 picture", "content_type": 56, "codename": "delete_bootstrap4picture"}}, {"model": "auth.permission", "pk": 220, "fields": {"name": "Can view bootstrap4 picture", "content_type": 56, "codename": "view_bootstrap4picture"}}, {"model": "auth.permission", "pk": 221, "fields": {"name": "Can add bootstrap4 tab", "content_type": 57, "codename": "add_bootstrap4tab"}}, {"model": "auth.permission", "pk": 222, "fields": {"name": "Can change bootstrap4 tab", "content_type": 57, "codename": "change_bootstrap4tab"}}, {"model": "auth.permission", "pk": 223, "fields": {"name": "Can delete bootstrap4 tab", "content_type": 57, "codename": "delete_bootstrap4tab"}}, {"model": "auth.permission", "pk": 224, "fields": {"name": "Can view bootstrap4 tab", "content_type": 57, "codename": "view_bootstrap4tab"}}, {"model": "auth.permission", "pk": 225, "fields": {"name": "Can add bootstrap4 tab item", "content_type": 58, "codename": "add_bootstrap4tabitem"}}, {"model": "auth.permission", "pk": 226, "fields": {"name": "Can change bootstrap4 tab item", "content_type": 58, "codename": "change_bootstrap4tabitem"}}, {"model": "auth.permission", "pk": 227, "fields": {"name": "Can delete bootstrap4 tab item", "content_type": 58, "codename": "delete_bootstrap4tabitem"}}, {"model": "auth.permission", "pk": 228, "fields": {"name": "Can view bootstrap4 tab item", "content_type": 58, "codename": "view_bootstrap4tabitem"}}, {"model": "auth.permission", "pk": 229, "fields": {"name": "Can add bootstrap4 spacing", "content_type": 59, "codename": "add_bootstrap4spacing"}}, {"model": "auth.permission", "pk": 230, "fields": {"name": "Can change bootstrap4 spacing", "content_type": 59, "codename": "change_bootstrap4spacing"}}, {"model": "auth.permission", "pk": 231, "fields": {"name": "Can delete bootstrap4 spacing", "content_type": 59, "codename": "delete_bootstrap4spacing"}}, {"model": "auth.permission", "pk": 232, "fields": {"name": "Can view bootstrap4 spacing", "content_type": 59, "codename": "view_bootstrap4spacing"}}, {"model": "auth.permission", "pk": 233, "fields": {"name": "Can add file", "content_type": 60, "codename": "add_file"}}, {"model": "auth.permission", "pk": 234, "fields": {"name": "Can change file", "content_type": 60, "codename": "change_file"}}, {"model": "auth.permission", "pk": 235, "fields": {"name": "Can delete file", "content_type": 60, "codename": "delete_file"}}, {"model": "auth.permission", "pk": 236, "fields": {"name": "Can view file", "content_type": 60, "codename": "view_file"}}, {"model": "auth.permission", "pk": 237, "fields": {"name": "Can add folder", "content_type": 61, "codename": "add_folder"}}, {"model": "auth.permission", "pk": 238, "fields": {"name": "Can change folder", "content_type": 61, "codename": "change_folder"}}, {"model": "auth.permission", "pk": 239, "fields": {"name": "Can delete folder", "content_type": 61, "codename": "delete_folder"}}, {"model": "auth.permission", "pk": 240, "fields": {"name": "Can view folder", "content_type": 61, "codename": "view_folder"}}, {"model": "auth.permission", "pk": 241, "fields": {"name": "Can add icon", "content_type": 62, "codename": "add_icon"}}, {"model": "auth.permission", "pk": 242, "fields": {"name": "Can change icon", "content_type": 62, "codename": "change_icon"}}, {"model": "auth.permission", "pk": 243, "fields": {"name": "Can delete icon", "content_type": 62, "codename": "delete_icon"}}, {"model": "auth.permission", "pk": 244, "fields": {"name": "Can view icon", "content_type": 62, "codename": "view_icon"}}, {"model": "auth.permission", "pk": 245, "fields": {"name": "Can add link", "content_type": 63, "codename": "add_link"}}, {"model": "auth.permission", "pk": 246, "fields": {"name": "Can change link", "content_type": 63, "codename": "change_link"}}, {"model": "auth.permission", "pk": 247, "fields": {"name": "Can delete link", "content_type": 63, "codename": "delete_link"}}, {"model": "auth.permission", "pk": 248, "fields": {"name": "Can view link", "content_type": 63, "codename": "view_link"}}, {"model": "auth.permission", "pk": 249, "fields": {"name": "Can add picture", "content_type": 64, "codename": "add_picture"}}, {"model": "auth.permission", "pk": 250, "fields": {"name": "Can change picture", "content_type": 64, "codename": "change_picture"}}, {"model": "auth.permission", "pk": 251, "fields": {"name": "Can delete picture", "content_type": 64, "codename": "delete_picture"}}, {"model": "auth.permission", "pk": 252, "fields": {"name": "Can view picture", "content_type": 64, "codename": "view_picture"}}, {"model": "auth.permission", "pk": 253, "fields": {"name": "Can add style", "content_type": 65, "codename": "add_style"}}, {"model": "auth.permission", "pk": 254, "fields": {"name": "Can change style", "content_type": 65, "codename": "change_style"}}, {"model": "auth.permission", "pk": 255, "fields": {"name": "Can delete style", "content_type": 65, "codename": "delete_style"}}, {"model": "auth.permission", "pk": 256, "fields": {"name": "Can view style", "content_type": 65, "codename": "view_style"}}, {"model": "auth.permission", "pk": 257, "fields": {"name": "Can add Snippet", "content_type": 66, "codename": "add_snippet"}}, {"model": "auth.permission", "pk": 258, "fields": {"name": "Can change Snippet", "content_type": 66, "codename": "change_snippet"}}, {"model": "auth.permission", "pk": 259, "fields": {"name": "Can delete Snippet", "content_type": 66, "codename": "delete_snippet"}}, {"model": "auth.permission", "pk": 260, "fields": {"name": "Can view Snippet", "content_type": 66, "codename": "view_snippet"}}, {"model": "auth.permission", "pk": 261, "fields": {"name": "Can add Snippet Ptr", "content_type": 67, "codename": "add_snippetptr"}}, {"model": "auth.permission", "pk": 262, "fields": {"name": "Can change Snippet Ptr", "content_type": 67, "codename": "change_snippetptr"}}, {"model": "auth.permission", "pk": 263, "fields": {"name": "Can delete Snippet Ptr", "content_type": 67, "codename": "delete_snippetptr"}}, {"model": "auth.permission", "pk": 264, "fields": {"name": "Can view Snippet Ptr", "content_type": 67, "codename": "view_snippetptr"}}, {"model": "auth.permission", "pk": 265, "fields": {"name": "Can add google map", "content_type": 68, "codename": "add_googlemap"}}, {"model": "auth.permission", "pk": 266, "fields": {"name": "Can change google map", "content_type": 68, "codename": "change_googlemap"}}, {"model": "auth.permission", "pk": 267, "fields": {"name": "Can delete google map", "content_type": 68, "codename": "delete_googlemap"}}, {"model": "auth.permission", "pk": 268, "fields": {"name": "Can view google map", "content_type": 68, "codename": "view_googlemap"}}, {"model": "auth.permission", "pk": 269, "fields": {"name": "Can add google map marker", "content_type": 69, "codename": "add_googlemapmarker"}}, {"model": "auth.permission", "pk": 270, "fields": {"name": "Can change google map marker", "content_type": 69, "codename": "change_googlemapmarker"}}, {"model": "auth.permission", "pk": 271, "fields": {"name": "Can delete google map marker", "content_type": 69, "codename": "delete_googlemapmarker"}}, {"model": "auth.permission", "pk": 272, "fields": {"name": "Can view google map marker", "content_type": 69, "codename": "view_googlemapmarker"}}, {"model": "auth.permission", "pk": 273, "fields": {"name": "Can add google map route", "content_type": 70, "codename": "add_googlemaproute"}}, {"model": "auth.permission", "pk": 274, "fields": {"name": "Can change google map route", "content_type": 70, "codename": "change_googlemaproute"}}, {"model": "auth.permission", "pk": 275, "fields": {"name": "Can delete google map route", "content_type": 70, "codename": "delete_googlemaproute"}}, {"model": "auth.permission", "pk": 276, "fields": {"name": "Can view google map route", "content_type": 70, "codename": "view_googlemaproute"}}, {"model": "auth.permission", "pk": 277, "fields": {"name": "Can add video player", "content_type": 71, "codename": "add_videoplayer"}}, {"model": "auth.permission", "pk": 278, "fields": {"name": "Can change video player", "content_type": 71, "codename": "change_videoplayer"}}, {"model": "auth.permission", "pk": 279, "fields": {"name": "Can delete video player", "content_type": 71, "codename": "delete_videoplayer"}}, {"model": "auth.permission", "pk": 280, "fields": {"name": "Can view video player", "content_type": 71, "codename": "view_videoplayer"}}, {"model": "auth.permission", "pk": 281, "fields": {"name": "Can add video source", "content_type": 72, "codename": "add_videosource"}}, {"model": "auth.permission", "pk": 282, "fields": {"name": "Can change video source", "content_type": 72, "codename": "change_videosource"}}, {"model": "auth.permission", "pk": 283, "fields": {"name": "Can delete video source", "content_type": 72, "codename": "delete_videosource"}}, {"model": "auth.permission", "pk": 284, "fields": {"name": "Can view video source", "content_type": 72, "codename": "view_videosource"}}, {"model": "auth.permission", "pk": 285, "fields": {"name": "Can add video track", "content_type": 73, "codename": "add_videotrack"}}, {"model": "auth.permission", "pk": 286, "fields": {"name": "Can change video track", "content_type": 73, "codename": "change_videotrack"}}, {"model": "auth.permission", "pk": 287, "fields": {"name": "Can delete video track", "content_type": 73, "codename": "delete_videotrack"}}, {"model": "auth.permission", "pk": 288, "fields": {"name": "Can view video track", "content_type": 73, "codename": "view_videotrack"}}, {"model": "auth.user", "pk": 1, "fields": {"password": "pbkdf2_sha256$150000$W41nJDt1Um7B$V8kDMQpQloiTIn6X5aU/r2O4MopinoYVHlfrlzsIQhQ=", "last_login": "2020-04-14T11:08:42.611Z", "is_superuser": true, "username": "huston", "first_name": "", "last_name": "", "email": "", "is_staff": true, "is_active": true, "date_joined": "2020-04-08T18:05:32.522Z", "groups": [], "user_permissions": []}}, {"model": "admin.logentry", "pk": 1, "fields": {"action_time": "2020-04-13T14:27:18.062Z", "user": 1, "content_type": 2, "object_id": "3", "object_repr": "test2", "action_flag": 1, "change_message": "[{\"added\": {}}]"}}, {"model": "admin.logentry", "pk": 2, "fields": {"action_time": "2020-04-13T15:19:38.303Z", "user": 1, "content_type": 30, "object_id": "1", "object_repr": "indev2.gif", "action_flag": 3, "change_message": ""}}, {"model": "admin.logentry", "pk": 3, "fields": {"action_time": "2020-04-13T15:20:22.094Z", "user": 1, "content_type": 60, "object_id": "2", "object_repr": "about-1.png", "action_flag": 3, "change_message": ""}}, {"model": "admin.logentry", "pk": 4, "fields": {"action_time": "2020-04-13T15:21:26.011Z", "user": 1, "content_type": 56, "object_id": "3", "object_repr": "3", "action_flag": 3, "change_message": ""}}, {"model": "admin.logentry", "pk": 5, "fields": {"action_time": "2020-04-13T15:22:28.479Z", "user": 1, "content_type": 24, "object_id": "1", "object_repr": "\u043f\u0440\u043e\u0434\u043b\u043e\u0433\u0438\u0441\u0442\u0438\u043a\u0430 \u044e\u0433", "action_flag": 3, "change_message": ""}}, {"model": "admin.logentry", "pk": 6, "fields": {"action_time": "2020-04-14T10:56:17.185Z", "user": 1, "content_type": 2, "object_id": "3", "object_repr": "test2", "action_flag": 3, "change_message": ""}}, {"model": "admin.logentry", "pk": 7, "fields": {"action_time": "2020-04-14T10:56:39.608Z", "user": 1, "content_type": 2, "object_id": "1", "object_repr": "\u0413\u043b\u0430\u0432\u043d\u0430\u044f", "action_flag": 2, "change_message": "[{\"changed\": {\"fields\": [\"title\"]}}]"}}, {"model": "admin.logentry", "pk": 8, "fields": {"action_time": "2020-04-14T11:05:52.518Z", "user": 1, "content_type": 2, "object_id": "1", "object_repr": "\u0433\u043b\u0430\u0432\u043d\u0430\u044f", "action_flag": 2, "change_message": "[{\"changed\": {\"fields\": [\"title\", \"slug\", \"menu_title\", \"page_title\", \"meta_description\"]}}]"}}, {"model": "admin.logentry", "pk": 9, "fields": {"action_time": "2020-04-14T11:09:09.595Z", "user": 1, "content_type": 2, "object_id": "4", "object_repr": "\u043e \u043d\u0430\u0441", "action_flag": 1, "change_message": "[{\"added\": {}}]"}}, {"model": "admin.logentry", "pk": 10, "fields": {"action_time": "2020-04-14T11:10:28.097Z", "user": 1, "content_type": 2, "object_id": "5", "object_repr": "\u043a\u0430\u0442\u0430\u043b\u043e\u0433", "action_flag": 1, "change_message": "[{\"added\": {}}]"}}, {"model": "admin.logentry", "pk": 11, "fields": {"action_time": "2020-04-14T11:11:01.512Z", "user": 1, "content_type": 2, "object_id": "1", "object_repr": "\u041f\u0440\u043e\u0434\u043b\u043e\u0433\u0438\u0441\u0442\u0438\u043a\u0430 \u042e\u0413 | \u041e\u0444\u0438\u0446\u0438\u0430\u043b\u044c\u043d\u044b\u0439 \u0441\u0430\u0439\u0442 \u043a\u043e\u043c\u043f\u0430\u043d\u0438\u0438", "action_flag": 2, "change_message": ""}}, {"model": "admin.logentry", "pk": 12, "fields": {"action_time": "2020-04-14T11:11:13.683Z", "user": 1, "content_type": 2, "object_id": "4", "object_repr": "\u041e \u043a\u043e\u043c\u043f\u0430\u043d\u0438\u0438", "action_flag": 2, "change_message": ""}}, {"model": "admin.logentry", "pk": 13, "fields": {"action_time": "2020-04-14T11:11:22.670Z", "user": 1, "content_type": 2, "object_id": "5", "object_repr": "\u043a\u0430\u0442\u0430\u043b\u043e\u0433", "action_flag": 2, "change_message": ""}}, {"model": "admin.logentry", "pk": 14, "fields": {"action_time": "2020-04-14T11:11:53.021Z", "user": 1, "content_type": 2, "object_id": "5", "object_repr": "\u043a\u0430\u0442\u0430\u043b\u043e\u0433", "action_flag": 2, "change_message": "[]"}}, {"model": "admin.logentry", "pk": 15, "fields": {"action_time": "2020-04-14T11:11:56.645Z", "user": 1, "content_type": 2, "object_id": "5", "object_repr": "\u043a\u0430\u0442\u0430\u043b\u043e\u0433", "action_flag": 2, "change_message": ""}}, {"model": "admin.logentry", "pk": 16, "fields": {"action_time": "2020-04-14T11:19:27.405Z", "user": 1, "content_type": 2, "object_id": "1", "object_repr": "\u0433\u043b\u0430\u0432\u043d\u0430\u044f", "action_flag": 2, "change_message": "[{\"changed\": {\"fields\": [\"template\", \"xframe_options\"]}}]"}}, {"model": "admin.logentry", "pk": 17, "fields": {"action_time": "2020-04-14T11:32:01.866Z", "user": 1, "content_type": 2, "object_id": "1", "object_repr": "\u0433\u043b\u0430\u0432\u043d\u0430\u044f", "action_flag": 2, "change_message": "[{\"changed\": {\"fields\": [\"page_title\"]}}]"}}, {"model": "admin.logentry", "pk": 18, "fields": {"action_time": "2020-04-14T11:43:33.566Z", "user": 1, "content_type": 2, "object_id": "1", "object_repr": "\u0433\u043b\u0430\u0432\u043d\u0430\u044f", "action_flag": 2, "change_message": "[{\"changed\": {\"fields\": [\"meta_description\"]}}]"}}, {"model": "admin.logentry", "pk": 19, "fields": {"action_time": "2020-04-14T11:46:33.681Z", "user": 1, "content_type": 2, "object_id": "1", "object_repr": "\u0433\u043b\u0430\u0432\u043d\u0430\u044f", "action_flag": 2, "change_message": "[]"}}, {"model": "admin.logentry", "pk": 20, "fields": {"action_time": "2020-04-14T12:58:05.195Z", "user": 1, "content_type": 2, "object_id": "5", "object_repr": "\u043a\u0430\u0442\u0430\u043b\u043e\u0433", "action_flag": 2, "change_message": ""}}, {"model": "admin.logentry", "pk": 21, "fields": {"action_time": "2020-04-14T12:58:19.767Z", "user": 1, "content_type": 2, "object_id": "4", "object_repr": "\u041e \u043a\u043e\u043c\u043f\u0430\u043d\u0438\u0438", "action_flag": 2, "change_message": ""}}, {"model": "admin.logentry", "pk": 22, "fields": {"action_time": "2020-04-14T13:00:32.405Z", "user": 1, "content_type": 2, "object_id": "5", "object_repr": "\u043a\u0430\u0442\u0430\u043b\u043e\u0433", "action_flag": 2, "change_message": "[{\"changed\": {\"fields\": [\"page_title\"]}}]"}}, {"model": "admin.logentry", "pk": 23, "fields": {"action_time": "2020-04-15T15:16:15.468Z", "user": 1, "content_type": 2, "object_id": "5", "object_repr": "\u043a\u0430\u0442\u0430\u043b\u043e\u0433", "action_flag": 3, "change_message": ""}}, {"model": "admin.logentry", "pk": 24, "fields": {"action_time": "2020-04-15T15:17:10.428Z", "user": 1, "content_type": 2, "object_id": "8", "object_repr": "\u043a\u043e\u043d\u0442\u0430\u043a\u0442\u044b", "action_flag": 1, "change_message": "[{\"added\": {}}]"}}, {"model": "admin.logentry", "pk": 25, "fields": {"action_time": "2020-04-15T15:17:33.857Z", "user": 1, "content_type": 2, "object_id": "9", "object_repr": "\u043a\u0430\u0442\u0430\u043b\u043e\u0433", "action_flag": 1, "change_message": "[{\"added\": {}}]"}}, {"model": "admin.logentry", "pk": 26, "fields": {"action_time": "2020-04-15T15:24:08.111Z", "user": 1, "content_type": 2, "object_id": "8", "object_repr": "\u041a\u043e\u043d\u0442\u0430\u043a\u0442\u044b", "action_flag": 2, "change_message": ""}}, {"model": "admin.logentry", "pk": 27, "fields": {"action_time": "2020-04-15T15:24:17.972Z", "user": 1, "content_type": 2, "object_id": "9", "object_repr": "\u043a\u0430\u0442\u0430\u043b\u043e\u0433", "action_flag": 2, "change_message": ""}}, {"model": "admin.logentry", "pk": 28, "fields": {"action_time": "2020-04-15T17:46:47.549Z", "user": 1, "content_type": 2, "object_id": "9", "object_repr": "\u041a\u0430\u0442\u0430\u043b\u043e\u0433", "action_flag": 2, "change_message": "[{\"changed\": {\"fields\": [\"title\"]}}]"}}, {"model": "admin.logentry", "pk": 29, "fields": {"action_time": "2020-04-15T17:47:05.337Z", "user": 1, "content_type": 2, "object_id": "1", "object_repr": "\u041f\u0440\u043e\u0434\u043b\u043e\u0433\u0438\u0441\u0442\u0438\u043a\u0430 \u042e\u0413 | \u041e\u0444\u0438\u0446\u0438\u0430\u043b\u044c\u043d\u044b\u0439 \u0441\u0430\u0439\u0442 \u043a\u043e\u043c\u043f\u0430\u043d\u0438\u0438", "action_flag": 2, "change_message": ""}}, {"model": "admin.logentry", "pk": 30, "fields": {"action_time": "2020-04-16T12:31:30.269Z", "user": 1, "content_type": 66, "object_id": "1", "object_repr": "\u0417\u0430\u0433\u043e\u043b\u043e\u0432\u043e\u043a", "action_flag": 1, "change_message": "[{\"added\": {}}]"}}, {"model": "admin.logentry", "pk": 31, "fields": {"action_time": "2020-04-16T12:33:00.218Z", "user": 1, "content_type": 66, "object_id": "1", "object_repr": "\u0417\u0430\u0433\u043e\u043b\u043e\u0432\u043e\u043a", "action_flag": 3, "change_message": ""}}, {"model": "admin.logentry", "pk": 32, "fields": {"action_time": "2020-04-16T12:34:05.815Z", "user": 1, "content_type": 9, "object_id": "1", "object_repr": "prodlogistica.ru", "action_flag": 2, "change_message": "[{\"changed\": {\"fields\": [\"domain\", \"name\"]}}]"}}, {"model": "admin.logentry", "pk": 33, "fields": {"action_time": "2020-04-16T12:43:45.547Z", "user": 1, "content_type": 2, "object_id": "1", "object_repr": "\u041f\u0440\u043e\u0434\u043b\u043e\u0433\u0438\u0441\u0442\u0438\u043a\u0430 \u042e\u0413 | \u041e\u0444\u0438\u0446\u0438\u0430\u043b\u044c\u043d\u044b\u0439 \u0441\u0430\u0439\u0442 \u043a\u043e\u043c\u043f\u0430\u043d\u0438\u0438", "action_flag": 2, "change_message": ""}}, {"model": "cms.usersettings", "pk": 1, "fields": {"user": 1, "language": "ru", "clipboard": 1}}, {"model": "filer.file", "pk": 2, "fields": {"polymorphic_ctype": 30, "folder": null, "file": "filer_public/2d/b8/2db802c1-bd7d-4c4b-a3a8-d9056aa7ca75/about-1.png", "_file_size": 3283, "sha1": "c76f384b23bb5414dbc63985ea93abfaebf1dd30", "has_all_mandatory_data": false, "original_filename": "about-1.png", "name": "", "description": null, "owner": 1, "uploaded_at": "2020-04-13T15:19:43.573Z", "modified_at": "2020-04-13T15:19:43.573Z", "is_public": true}}, {"model": "filer.clipboard", "pk": 1, "fields": {"user": 1}}, {"model": "filer.image", "pk": 2, "fields": {"_height": 543, "_width": 947, "default_alt_text": null, "default_caption": null, "subject_location": "", "date_taken": "2020-04-13T15:19:43.569Z", "author": null, "must_always_publish_author_credit": false, "must_always_publish_copyright": false}}]
